{
  "class_auc_mean": 0.4931601731601732,
  "class_auc_std": 0.11353993847532226,
  "reg_r2_mean": -0.3372702840909584,
  "reg_r2_std": 0.16707334536384963
}